,job_namee,company_name,company_loc,job_details,job_sumy,job_link
0,not mentioned,not mentioned,not mentioned,not mentioned,not mentioned,not mentioned
1,not mentioned,not mentioned,not mentioned,not mentioned,not mentioned,not mentioned
2,not mentioned,not mentioned,not mentioned,not mentioned,not mentioned,not mentioned
3,not mentioned,not mentioned,not mentioned,not mentioned,not mentioned,not mentioned
4,not mentioned,not mentioned,not mentioned,not mentioned,not mentioned,not mentioned
5,not mentioned,not mentioned,not mentioned,not mentioned,not mentioned,not mentioned
6,not mentioned,not mentioned,not mentioned,not mentioned,not mentioned,not mentioned
7,not mentioned,not mentioned,not mentioned,not mentioned,not mentioned,not mentioned
8,not mentioned,not mentioned,not mentioned,not mentioned,not mentioned,not mentioned
9,not mentioned,not mentioned,not mentioned,not mentioned,not mentioned,not mentioned
10,not mentioned,not mentioned,not mentioned,not mentioned,not mentioned,not mentioned
11,not mentioned,not mentioned,not mentioned,not mentioned,not mentioned,not mentioned
12,not mentioned,not mentioned,not mentioned,not mentioned,not mentioned,not mentioned
13,not mentioned,not mentioned,not mentioned,not mentioned,not mentioned,not mentioned
14,not mentioned,not mentioned,not mentioned,not mentioned,not mentioned,not mentioned
15,not mentioned,not mentioned,not mentioned,not mentioned,not mentioned,not mentioned
16,not mentioned,not mentioned,not mentioned,not mentioned,not mentioned,not mentioned
17,not mentioned,not mentioned,not mentioned,not mentioned,not mentioned,not mentioned
